frame_index,elapsed_ms,detections,width,height
0,6.754571000783471,3,640,480
1,3.0311869995784946,3,640,480
2,3.029999001228134,3,640,480
3,2.8340940007183235,3,640,480
4,2.7699799993570196,3,640,480
5,2.663123001184431,3,640,480
6,2.6999289984814823,3,640,480
7,2.8780239990737755,3,640,480
8,2.79135100026906,3,640,480
9,2.7106149991595885,3,640,480
10,2.7153640003234614,3,640,480
11,2.767604999462492,3,640,480
12,2.7937260001635877,3,640,480
13,2.746232999925269,3,640,480
14,2.7949129998887656,3,640,480
15,2.7497959999891464,3,640,480
16,2.6405629996588686,3,640,480
17,2.6951790005114162,3,640,480
18,2.7699799993570196,3,640,480
19,2.7818529997603036,3,640,480
20,2.695179999136599,3,640,480
21,2.6678720005293144,3,640,480
22,2.6441249992785743,3,640,480
23,2.6880549994530156,3,640,480
24,2.6738079995993758,3,640,480
25,2.657185999851208,3,640,480
26,2.6073190001625335,3,640,480
27,3.189097998983925,3,640,480
28,2.6393759999336908,3,640,480
29,2.6334400008636294,3,640,480
30,2.767604999462492,3,640,480
31,3.0003159990883432,3,640,480
32,2.7818519993161317,3,640,480
33,2.6678720005293144,3,640,480
34,2.7497959999891464,3,640,480
35,2.98131999988982,3,640,480
36,2.7592940004979027,3,640,480
37,2.676182000868721,3,640,480
38,2.645311999003752,3,640,480
39,2.67024599997967,3,640,480
40,2.634626998769818,3,640,480
41,2.7260489987384062,3,640,480
42,2.6963669988617767,3,640,480
43,2.745047000644263,3,640,480
44,2.727236998907756,3,640,480
45,2.8198460004205117,3,640,480
46,2.7497949995449744,3,640,480
47,2.7616679999482585,3,640,480
48,2.7509820010891417,3,640,480
49,2.8198470008646837,3,640,480
50,2.576449000116554,0,640,480
51,2.56576399988262,0,640,480
52,2.932641000370495,0,640,480
53,2.591884000139544,0,640,480
54,2.4327850005647633,0,640,480
55,2.4921510012063663,0,640,480
56,2.5622020002629142,0,640,480
57,3.040685000087251,0,640,480
58,2.5384550008311635,0,640,480
59,2.534893001211458,0,640,480
60,2.851903000191669,3,640,480
61,2.6880549994530156,3,640,480
62,2.7842269992106594,3,640,480
63,2.6429380013723858,3,640,480
64,2.697554000405944,3,640,480
65,2.9848819995095255,3,640,480
66,2.660747999470914,3,640,480
67,2.695180000955588,3,640,480
68,2.730799000346451,3,640,480
69,2.637002000483335,3,640,480
70,2.7034909999201773,3,640,480
71,2.6215660000161733,3,640,480
72,2.679743998669437,3,640,480
73,2.7355469992471626,3,640,480
74,2.6536240002315026,3,640,480
75,2.784227001029649,3,640,480
76,2.727236998907756,3,640,480
77,2.7889770008187043,3,640,480
78,2.659559999301564,3,640,480
79,2.720112999668345,3,640,480
80,2.717737999773817,3,640,480
81,2.717739000217989,3,640,480
82,2.658372999576386,3,640,480
83,2.6880559998971876,3,640,480
84,2.7272360002825735,3,640,480
85,2.7165510000486393,3,640,480
86,2.7165510000486393,3,640,480
87,2.759293000053731,3,640,480
88,3.053745000215713,3,640,480
89,2.9480749999493128,3,640,480
90,3.5915940006816527,3,640,480
91,2.787788998830365,3,640,480
92,2.7402970008552074,3,640,480
93,2.6797440004884265,3,640,480
94,2.7260489987384062,3,640,480
95,2.7474210000946186,3,640,480
96,2.660747999470914,3,640,480
97,2.6571860016701976,3,640,480
98,2.705864999370533,3,640,480
99,2.704677999645355,3,640,480
100,2.731986000071629,3,640,480
101,2.6880559998971876,3,640,480
102,2.704677999645355,3,640,480
103,2.7284240004519233,3,640,480
104,2.672620999874198,3,640,480
105,2.68568100000266,3,640,480
106,2.756920001047547,3,640,480
107,2.663122000740259,3,640,480
108,2.698742000575294,3,640,480
109,2.698742000575294,3,640,480
110,2.4292229991260683,0,640,480
111,2.4933370004873723,0,640,480
112,2.4897759994928492,0,640,480
113,2.462468000885565,0,640,480
114,2.462468000885565,0,640,480
115,2.4529689999326365,0,640,480
116,2.51945900163264,0,640,480
117,2.4387220000789966,0,640,480
118,2.483840000422788,0,640,480
119,2.5467659997957526,0,640,480
120,2.755732000878197,3,640,480
121,2.72248700093769,3,640,480
122,2.8815860005124705,3,640,480
123,3.5559749994718004,3,640,480
124,2.6868679997278377,3,640,480
125,2.638189000208513,3,640,480
126,2.82815700120409,3,640,480
127,2.7937260001635877,3,640,480
128,2.717737999773817,3,640,480
129,2.787788998830365,3,640,480
130,2.7640429998427862,3,640,480
131,2.7296110001771012,3,640,480
132,2.7201130014873343,3,640,480
133,2.7011160000256496,3,640,480
134,2.6963669988617767,3,640,480
135,2.7545440007088473,3,640,480
136,2.7129889986099442,3,640,480
137,2.730797999902279,3,640,480
138,2.9825069996149978,3,640,480
139,2.805599000566872,3,640,480
140,2.6524370005063247,3,640,480
141,2.7153640003234614,3,640,480
142,2.650062000611797,3,640,480
143,2.7343609999661567,3,640,480
144,2.6809310002136044,3,640,480
145,2.641750001203036,3,640,480
146,2.5728870004968485,3,640,480
147,2.571699998952681,3,640,480
148,2.5728870004968485,3,640,480
149,2.569325000877143,3,640,480
150,2.6939920007862383,3,640,480
151,2.684494000277482,3,640,480
152,2.6275039999745786,3,640,480
153,2.537267999286996,3,640,480
154,2.6785569989442592,3,640,480
155,3.50254600016342,3,640,480
156,2.7735410003515426,3,640,480
157,2.6322520006942796,3,640,480
158,2.682118998563965,3,640,480
159,2.6868679997278377,3,640,480
160,2.659560999745736,3,640,480
161,2.623940999910701,3,640,480
162,2.715363998504472,3,640,480
163,2.7236749992880505,3,640,480
164,2.6880559998971876,3,640,480
165,2.7355479996913346,3,640,480
166,2.676182000868721,3,640,480
167,2.6797450009325985,3,640,480
168,2.6654959983716253,3,640,480
169,2.7141760001541115,3,640,480
170,2.496899000107078,0,640,480
171,2.5028360014403006,0,640,480
172,2.5111469985859003,0,640,480
173,2.539642999181524,0,640,480
174,2.4624679990665754,0,640,480
175,2.4648430007800926,0,640,480
176,2.3710450004728045,0,640,480
177,2.5194589998136507,0,640,480
178,2.4897759994928492,0,640,480
179,2.462468000885565,0,640,480
180,2.7402970008552074,3,640,480
181,2.683306000108132,3,640,480
182,2.6441249992785743,3,640,480
183,2.710615000978578,3,640,480
184,2.945700000054785,3,640,480
185,2.8578399997059023,3,640,480
186,2.828156999385101,3,640,480
187,2.6559980015008477,3,640,480
188,3.253212000345229,3,640,480
189,2.696367000680766,3,640,480
190,2.651249000336975,3,640,480
191,2.6999290003004717,3,640,480
192,2.727236998907756,3,640,480
193,2.600194999104133,3,640,480
194,2.6619349991960917,3,640,480
195,2.6773700010380708,3,640,480
196,2.6987419987563044,3,640,480
197,2.7557319990592077,3,640,480
198,2.6643099990906194,3,640,480
199,2.637001000039163,3,640,480
200,2.7034909999201773,3,640,480
201,2.6429389999975683,3,640,480
202,2.657185999851208,3,640,480
203,2.6738079995993758,3,640,480
204,2.6465000009920914,3,640,480
205,2.7854149993800092,3,640,480
206,2.626315999805229,3,640,480
207,2.6892429996223655,3,640,480
208,2.6643099990906194,3,640,480
209,2.723674000662868,3,640,480
210,2.6607470008457312,3,640,480
211,2.682120000827126,3,640,480
212,2.6548109999566805,3,640,480
213,2.710614000534406,3,640,480
214,2.7402970008552074,3,640,480
215,2.712989999054116,3,640,480
216,2.609694000057061,3,640,480
217,2.646499999173102,3,640,480
218,2.683306000108132,3,640,480
219,3.104799001448555,3,640,480
220,2.6785569989442592,3,640,480
221,2.6749959997687256,3,640,480
222,2.6761829994939035,3,640,480
223,2.6773699992190814,3,640,480
224,2.679744999113609,3,640,480
225,2.73910999931104,3,640,480
226,3.2009709993872093,3,640,480
227,2.7747290005208924,3,640,480
228,2.67024599997967,3,640,480
229,2.686868001546827,3,640,480
230,2.4826519984344486,0,640,480
231,2.505210999515839,0,640,480
232,2.5265820004278794,0,640,480
233,2.5598270003683865,0,640,480
234,2.5147090000245953,0,640,480
235,2.4577180010965094,0,640,480
236,2.528957000322407,0,640,480
237,2.5669509996077977,0,640,480
238,2.51945900163264,0,640,480
239,2.483838999978616,0,640,480
240,2.7141760001541115,3,640,480
241,2.6619349991960917,3,640,480
242,2.672620999874198,3,640,480
243,2.696366000236594,3,640,480
244,2.6868679997278377,3,640,480
245,2.6619349991960917,3,640,480
246,2.685682000446832,3,640,480
247,2.6654969988157973,3,640,480
248,2.6880549994530156,3,640,480
249,2.576449000116554,3,640,480
250,2.6571849994070362,3,640,480
251,2.6548120004008524,3,640,480
252,2.6500619987928076,3,640,480
253,2.766416999293142,3,640,480
254,2.5966330013034167,3,640,480
255,2.564577000157442,3,640,480
256,2.7082399992650608,3,640,480
257,2.683307000552304,3,640,480
258,2.696367000680766,3,640,480
259,2.7735410003515426,3,640,480
260,2.68568100000266,3,640,480
261,2.5479539999651024,3,640,480
262,2.6666840003599646,3,640,480
263,2.777102999971248,3,640,480
264,2.6453130012669135,3,640,480
265,2.589509000245016,3,640,480
266,2.6180040003964677,3,640,480
267,2.6928040006168885,3,640,480
268,2.650062000611797,3,640,480
269,2.6678710000851424,3,640,480
270,2.6073190001625335,3,640,480
271,2.571699998952681,3,640,480
272,2.525394998883712,3,640,480
273,2.63225199887529,3,640,480
274,2.5800109997362597,3,640,480
275,2.6346270005888073,3,640,480
276,2.56576399988262,3,640,480
277,2.584760999525315,3,640,480
278,2.6061320004373556,3,640,480
279,2.6465000009920914,3,640,480
280,2.7106139987154165,3,640,480
281,2.6654970006347867,3,640,480
282,2.664309000465437,3,640,480
283,2.7509829997143243,3,640,480
284,2.697554000405944,3,640,480
285,2.696367000680766,3,640,480
286,2.758107000772725,3,640,480
287,2.646499999173102,3,640,480
288,2.8910839992022375,3,640,480
289,2.8566529999807244,3,640,480
290,2.4897759994928492,0,640,480
291,2.456530999552342,0,640,480
292,2.447033000862575,0,640,480
293,2.4553440016461536,0,640,480
294,2.401915000518784,0,640,480
295,2.470778999850154,0,640,480
296,2.7866020009241765,0,640,480
297,2.490962999218027,0,640,480
298,2.5147090000245953,0,640,480
299,2.384105999226449,0,640,480
300,2.563388999988092,3,640,480
301,2.6298779994249344,3,640,480
302,2.646499999173102,3,640,480
303,2.720112999668345,3,640,480
304,2.6073190001625335,3,640,480
305,2.930265998656978,3,640,480
306,2.6999290003004717,3,640,480
307,2.63343999904464,3,640,480
308,2.626315999805229,3,640,480
309,2.619191998746828,3,640,480
310,2.6322520006942796,3,640,480
311,2.6453130012669135,3,640,480
312,3.0715550001332304,3,640,480
313,2.660747999470914,3,640,480
314,2.650062000611797,3,640,480
315,2.6405629996588686,3,640,480
316,2.629877000799752,3,640,480
317,2.7521700012584915,3,640,480
318,2.7260490005573956,3,640,480
319,2.634626998769818,3,640,480
320,2.6476870007172693,3,640,480
321,3.028811999683967,3,640,480
322,2.613255999676767,3,640,480
323,2.578824000011082,3,640,480
324,2.8542780000861967,3,640,480
325,2.5669509996077977,3,640,480
326,2.6381889983895235,3,640,480
327,2.637002000483335,3,640,480
328,2.6156299991271226,3,640,480
329,3.0632440011686413,3,640,480
330,2.6559990001260303,3,640,480
331,2.5740740002220264,3,640,480
332,3.0110019997664494,3,640,480
333,2.637001000039163,3,640,480
334,2.6738079995993758,3,640,480
335,2.684494000277482,3,640,480
336,2.6429379995533964,3,640,480
337,2.646499999173102,3,640,480
338,2.6654969988157973,3,640,480
339,2.638189000208513,3,640,480
340,2.6643099990906194,3,640,480
341,2.625129000080051,3,640,480
342,2.7972879997832933,3,640,480
343,2.651249000336975,3,640,480
344,2.6488749990676297,3,640,480
345,2.67024599997967,3,640,480
346,2.659559999301564,3,640,480
347,2.6619349991960917,3,640,480
348,2.6429389999975683,3,640,480
349,2.6096929996128893,3,640,480
350,2.5016489998961333,0,640,480
351,2.537268999731168,0,640,480
352,2.542017000450869,0,640,480
353,2.5337070001114625,0,640,480
354,2.825782999934745,0,640,480
355,2.572887999122031,0,640,480
356,2.350860999285942,0,640,480
357,2.371045999097987,0,640,480
358,2.504023999790661,0,640,480
359,2.4529700003768085,0,640,480
360,2.7687919991876697,3,640,480
361,3.060868999455124,3,640,480
362,2.8222210003150394,3,640,480
363,2.958761000627419,3,640,480
364,2.8887099997518817,3,640,480
365,2.67143400014902,3,640,480
366,2.544392000345397,3,640,480
367,2.6286899992555846,3,640,480
368,2.6156299991271226,3,640,480
369,2.6559990001260303,3,640,480
370,2.647688001161441,3,640,480
371,2.552702999309986,3,640,480
372,2.6524360000621527,3,640,480
373,2.660747999470914,3,640,480
374,2.5954459997592494,3,640,480
375,2.5135220002994174,3,640,480
376,2.5835729993559653,3,640,480
377,2.650062000611797,3,640,480
378,2.6654960001906147,3,640,480
379,2.6749949993245536,3,640,480
380,3.0335609990288503,3,640,480
381,2.7129890004289337,3,640,480
382,2.6654970006347867,3,640,480
383,2.7034909999201773,3,640,480
384,2.6868690001720097,3,640,480
385,2.6559979996818583,3,640,480
386,2.6191920005658176,3,640,480
387,3.0299989994091447,3,640,480
388,2.818659000695334,3,640,480
389,2.718925999943167,3,640,480
390,2.718924999498995,3,640,480
391,2.5135220002994174,3,640,480
392,2.874462999898242,3,640,480
393,2.9741950002062367,3,640,480
394,2.650062000611797,3,640,480
395,2.695179999136599,3,640,480
396,2.8162849994259886,3,640,480
397,2.9492619996744907,3,640,480
398,2.691617999516893,3,640,480
399,2.6429380013723858,3,640,480
400,2.945701000498957,3,640,480
401,2.6073190001625335,3,640,480
402,2.625129000080051,3,640,480
403,2.818659000695334,3,640,480
404,2.8578399997059023,3,640,480
405,2.674995001143543,3,640,480
406,2.5289569985034177,3,640,480
407,2.676182000868721,3,640,480
408,2.634626998769818,3,640,480
409,2.622754000185523,3,640,480
410,2.400728000793606,0,640,480
411,2.3567980006191647,0,640,480
412,2.422098999886657,0,640,480
413,2.4185380007111235,0,640,480
414,2.4161639994417783,0,640,480
415,2.4980870002764277,0,640,480
416,2.4042900004133116,0,640,480
417,2.3829180008760886,0,640,480
418,2.520646001357818,0,640,480
419,2.4517820002074586,0,640,480
420,2.6690579998103203,3,640,480
421,2.6203790002909955,3,640,480
422,2.683307000552304,3,640,480
423,2.594258001408889,3,640,480
424,2.6025699989986606,3,640,480
425,2.608506998512894,3,640,480
426,2.6073190001625335,3,640,480
427,2.973009000925231,3,640,480
428,2.6524370005063247,3,640,480
429,2.659559999301564,3,640,480
430,2.623940999910701,3,640,480
431,2.645312999447924,3,640,480
432,2.8602150014194194,3,640,480
433,2.933828000095673,3,640,480
434,2.6417509998282185,3,640,480
435,2.9302660004759673,3,640,480
436,2.695180000955588,3,640,480
437,2.6215670004603453,3,640,480
438,2.648875000886619,3,640,480
439,2.658372999576386,3,640,480
440,2.6061320004373556,3,640,480
441,2.647688001161441,3,640,480
442,2.648875000886619,3,640,480
443,2.6678720005293144,3,640,480
444,2.5681379993329756,3,640,480
445,2.63225199887529,3,640,480
446,2.645312999447924,3,640,480
447,2.626315999805229,3,640,480
448,2.5717000007716706,3,640,480
449,2.7058650011895224,3,640,480
450,2.5954459997592494,3,640,480
451,2.6310649991501123,3,640,480
452,2.6310649991501123,3,640,480
453,2.5265820004278794,3,640,480
454,2.5942590000340715,3,640,480
455,2.6037569987238385,3,640,480
456,2.650062000611797,3,640,480
457,2.5871350007946603,3,640,480
458,2.6417509998282185,3,640,480
459,3.127358000710956,3,640,480
460,2.540830000725691,3,640,480
461,2.6310650009691017,3,640,480
462,2.646499999173102,3,640,480
463,2.678557999388431,3,640,480
464,2.6393759999336908,3,640,480
465,2.5811989999056095,3,640,480
466,2.6868690001720097,3,640,480
467,2.659559999301564,3,640,480
468,2.6061309999931837,3,640,480
469,2.5835729993559653,3,640,480
470,2.5206459995388286,0,640,480
471,2.494525000656722,0,640,480
472,2.441096001348342,0,640,480
473,2.4410969999735244,0,640,480
474,2.4731539997446816,0,640,480
475,2.4031030006881338,0,640,480
476,2.5479539999651024,0,640,480
477,2.41260100119689,0,640,480
478,2.3437370000465307,0,640,480
479,2.4553439998271642,0,640,480
480,2.7699799993570196,3,640,480
481,2.612068999951589,3,640,480
482,2.577635999841732,3,640,480
483,2.589509000245016,3,640,480
484,2.648874000442447,3,640,480
485,2.6429389999975683,3,640,480
486,2.619191998746828,3,640,480
487,2.6904309997917153,3,640,480
488,2.5823859996307874,3,640,480
489,2.650062000611797,3,640,480
490,2.7023029997508274,3,640,480
491,2.7937259983445983,3,640,480
492,2.623940999910701,3,640,480
493,2.646499999173102,3,640,480
494,2.695178998692427,3,640,480
495,2.715363998504472,3,640,480
496,2.613254999232595,3,640,480
497,2.5847600009001326,3,640,480
498,2.6643099990906194,3,640,480
499,2.692804999242071,3,640,480
500,2.7402970008552074,3,640,480
501,2.728423998632934,3,640,480
502,2.7604810002230806,3,640,480
503,2.679744999113609,3,640,480
504,2.7129889986099442,3,640,480
505,2.793725001538405,3,640,480
506,2.7462340003694408,3,640,480
507,2.6821190003829543,3,640,480
508,2.6749949993245536,3,640,480
509,2.7118019988847664,3,640,480
510,2.7533580014278414,3,640,480
511,2.783040001304471,3,640,480
512,2.8839599999628263,3,640,480
513,2.742671000305563,3,640,480
514,2.6880559998971876,3,640,480
515,2.6381889983895235,3,640,480
516,2.7034900012949947,3,640,480
517,2.752169999439502,3,640,480
518,2.6773700010380708,3,640,480
519,2.667871998710325,3,640,480
520,2.6595600011205534,3,640,480
521,2.7414840005803853,3,640,480
522,2.6690590002544923,3,640,480
523,2.659559999301564,3,640,480
524,2.6821190003829543,3,640,480
525,2.601383001092472,3,640,480
526,2.622754000185523,3,640,480
527,2.684494000277482,3,640,480
528,2.5954459997592494,3,640,480
529,2.590697000414366,3,640,480
530,2.409040000202367,0,640,480
531,2.4529689999326365,0,640,480
532,2.4019149986997945,0,640,480
533,2.6286909996997565,0,640,480
534,2.6191920005658176,0,640,480
535,2.462468000885565,0,640,480
536,2.5705130010464927,0,640,480
537,2.6465000009920914,0,640,480
538,2.470778999850154,0,640,480
539,2.464841998516931,0,640,480
540,2.717737999773817,3,640,480
541,2.7889760003745323,3,640,480
542,2.883961000406998,3,640,480
543,2.6476870007172693,3,640,480
544,2.7153629998792894,3,640,480
545,2.7118019988847664,3,640,480
546,2.9516369995690184,3,640,480
547,2.804411000397522,3,640,480
548,2.576449000116554,3,640,480
549,2.6405640001030406,3,640,480
550,2.6939920007862383,3,640,480
551,2.68568100000266,3,640,480
552,2.70230399837601,3,640,480
553,2.670247000423842,3,640,480
554,2.6678720005293144,3,640,480
555,2.6761829994939035,3,640,480
556,2.918393000072683,3,640,480
557,3.019313000550028,3,640,480
558,2.6346270005888073,3,640,480
559,2.600194999104133,3,640,480
560,2.646499999173102,3,640,480
561,2.7497949995449744,3,640,480
562,2.8103479999117553,3,640,480
563,2.792537999994238,3,640,480
564,2.6892429996223655,3,640,480
565,2.6761819990497315,3,640,480
566,2.6797440004884265,3,640,480
567,2.7486079998197965,3,640,480
568,2.707052999539883,3,640,480
569,2.6180050008406397,3,640,480
570,2.6500619987928076,3,640,480
571,2.911269000833272,3,640,480
572,2.7023029997508274,3,640,480
573,2.6892429996223655,3,640,480
574,2.72367500110704,3,640,480
575,2.824596000209567,3,640,480
576,2.7735420007957146,3,640,480
577,2.811534999636933,3,640,480
578,2.6892429996223655,3,640,480
579,2.6393770003778627,3,640,480
580,2.676182000868721,3,640,480
581,2.6749959997687256,3,640,480
582,2.6738079995993758,3,640,480
583,2.9646969996974804,3,640,480
584,2.698742000575294,3,640,480
585,2.9160180001781555,3,640,480
586,2.787788998830365,3,640,480
587,2.632252999319462,3,640,480
588,2.6073190001625335,3,640,480
589,2.5586390001990367,3,640,480
590,2.470778999850154,0,640,480
591,2.44465899959323,0,640,480
592,2.382918999501271,0,640,480
593,2.457718999721692,0,640,480
594,2.4268489996757125,0,640,480
595,2.399541001068428,0,640,480
596,2.790164000543882,0,640,480
597,2.5491409996902803,0,640,480
598,2.524207999158534,0,640,480
599,2.264187998662237,0,640,480
