image,default_candidates,tuned_candidates,color,center_x,center_y,area_px,tuned_elapsed_ms
DJI_20260917145746_0001_V,1,1,blue,2041.4973596956147,1492.8018812863563,719614,109.90512100033811
DJI_20260917145809_0003_V,3,1,blue,1962.5356080542117,1483.808768385505,134141,95.59099100079038
DJI_20260917145917_0005_V,31,1,blue,1724.5358802141197,1519.4668720331279,39604,87.49001999967732
DJI_20260917150533_0041_V,8,1,red,2845.314317785397,2121.1572666026414,1387987,97.48830199896474
DJI_20260917150637_0043_V,2,1,red,1692.0464756193473,1085.7573854699174,81376,84.42915100022219
DJI_20260917150723_0045_V,3,1,red,2014.5980489783876,506.7749870915394,54228,78.06757800062769
DJI_20260917151141_0079_V,1,1,yellow,1613.7418585110186,2272.549964640908,646227,103.20754300119006
DJI_20260917151202_0081_V,1,1,yellow,1857.6879747134028,568.5639005519649,21197,80.52648500051873
DJI_20260917151230_0083_V,2,1,yellow,1849.2893842774513,762.0031314367366,131569,91.37725099935778
